Employee_Name,Employee_EmailID,Secret_Child_Name,Secret_Child_EmailID
Spencer Allen,layla.graham@acme.com,Spencer Allen,spencer.allen@acme.com
Hamish Murray,spencer.allen@acme.com,Hamish Murray,hamish.murray.sr@acme.com
Isabella Scott,hamish.murray.sr@acme.com,Isabella Scott,isabella.scott@acme.com
Hamish Murray,isabella.scott@acme.com,Hamish Murray,hamish.murray.jr@acme.com
Matthew King,hamish.murray.jr@acme.com,Matthew King,matthew.king.jr@acme.com
Charlie Ross,matthew.king.jr@acme.com,Charlie Ross,charlie.ross@acme.com
Employee_Name,charlie.ross@acme.com,Employee_Name,Employee_EmailID
Benjamin Collins,Employee_EmailID,Benjamin Collins,benjamin.collins@acme.com
Charlie Ross,benjamin.collins@acme.com,Charlie Ross,charlie.ross.jr@acme.com
Piper Stewart,charlie.ross.jr@acme.com,Piper Stewart,piper.stewart@acme.com
Hamish Murray,piper.stewart@acme.com,Hamish Murray,hamish.murray@acme.com
Matthew King,hamish.murray@acme.com,Matthew King,matthew.king@acme.com
Mark Lawrence,matthew.king@acme.com,Mark Lawrence,mark.lawrence@acme.com
Charlie Wright,mark.lawrence@acme.com,Charlie Wright,charlie.wright@acme.com
Ethan Murray,charlie.wright@acme.com,Ethan Murray,ethan.murray@acme.com
Layla Graham,ethan.murray@acme.com,Layla Graham,layla.graham@acme.com
